{
    "mean": 0.8654999999999999,
    "std": 0.008909264840602725,
    "K": 3,
    "datasetName": "car_owners"
}