{
    "mean": 0.9583333333333334,
    "std": 0.03818813079129865,
    "K": 3,
    "datasetName": "iris"
}